id,alpha
s007_cop,0.860567885164798
s016_cop,0.932358698277773
s018_cop,0.753730975891491
