id,alpha
s206_selfpaced,0.977225709050862
s208_selfpaced,0.950184662097447
s210_selfpaced,1.04007621674375
